{"cameraMode":{"drawMode":0,"name":"Shaded","section":"Shading Mode"},"sceneLighting":true,"audioPlay":false,"sceneViewState":{"m_AlwaysRefresh":false,"showFog":true,"showSkybox":true,"showFlares":true,"showImageEffects":true,"showParticleSystems":true,"showVisualEffectGraphs":true,"m_FxEnabled":true},"in2DMode":false,"pivot":{"x":15.232799530029297,"y":3.0569939613342287,"z":-14.06280517578125},"rotation":{"x":-0.009323103353381157,"y":0.6527572870254517,"z":-0.008039453066885472,"w":-0.757470428943634},"size":1.2247449159622193,"orthographic":false}